statement_id,date,amount,partner,category,description
1,07.06.2025,-56.28,ALLIANZ,Insurance,BEITRAG Allianz SE K-71445329
1,08.06.2025,-34.35,BURGER KING,Food,BURGER KING Vilsbiburg
1,11.06.2025,-39.63,VODAFONE,Telecommunications,RECHNUNG VODAFONE GMBH 2925470
1,12.06.2025,-65.62,JET,Fuel,KARTENZAHLUNG JET TANKSTELLE
1,15.06.2025,-52.18,JET,Fuel,KARTENZAHLUNG JET TANKSTELLE
2,10.10.2025,-229.56,ZALANDO,Shopping,ZALANDO MKTPLC EU PDWDPT
2,14.10.2025,-24.59,ZEUS BODYPOWER,Fitness,MITGLIEDSBEITRAG ZEUS BODYPOWER
2,18.10.2025,-89.56,AMAZON,Shopping,AMAZON.DE MKTPLC EU KHOELW
3,29.12.2025,-51.23,SHELL,Fuel,KARTENZAHLUNG SHELL TANKSTELLE
3,31.12.2025,-84.52,STADTWERKE,Utilities,ABSCHLAG STROM Stadtwerke Rosenheim 10015198
3,03.01.2025,-16.57,ALDI,Other,KARTENZ./03.01 ALDI SUED RO
3,10.01.2025,-15.79,BURGER KING,Food,BURGER KING Gerolzhofen
4,06.03.2025,-84.62,STADTWERKE,Utilities,ABSCHLAG STROM Stadtwerke Rosenheim 6883652
4,13.03.2025,-28.21,BURGER KING,Food,BURGER KING Duderstadt
5,03.12.2025,-52.83,ALLIANZ,Insurance,BEITRAG Allianz SE K-77055030
5,06.12.2025,-26.29,ZEUS BODYPOWER,Fitness,MITGLIEDSBEITRAG ZEUS BODYPOWER
5,10.12.2025,-86.76,STADTWERKE,Utilities,ABSCHLAG STROM Stadtwerke Rosenheim 78173155
5,13.12.2025,-48.26,PAYPAL,Other,PAYPAL ULQMPC
5,17.12.2025,-49.9,JET,Fuel,KARTENZAHLUNG JET TANKSTELLE
6,10.07.2025,-20.41,BURGER KING,Food,BURGER KING Bremervorde
6,13.07.2025,-44.16,PAYPAL,Other,PAYPAL KCDZOA
6,16.07.2025,-28.39,Unknown,Other,MCDONALDS Gutersloh
6,19.07.2025,-55.65,ALLIANZ,Insurance,"BEITRAG Allianz SE K-65230895,"
7,25.07.2025,-26.67,ZEUS BODYPOWER,Fitness,MITGLIEDSBEITRAG ZEUS BODYPOWER
7,29.07.2025,-30.3,BURGER KING,Food,BURGER KING Sternberg
7,01.08.2025,-66.72,JET,Fuel,KARTENZAHLUNG JET TANKSTELLE
7,02.08.2025,-146.29,ALDI,Other,KARTENZ./02.08 ALDI SUED RO
8,15.04.2025,-40.32,VODAFONE,Telecommunications,RECHNUNG VODAFONE GMBH 5069188
8,18.04.2025,-205.71,AMAZON,Shopping,AMAZON.DE MKTPLC EU WWULGX
8,19.04.2025,-86.89,STADTWERKE,Utilities,ABSCHLAG STROM Stadtwerke Rosenheim 51697822
9,11.09.2025,-40.97,VODAFONE,Telecommunications,RECHNUNG VODAFONE GMBH 30912968
9,16.09.2025,-56.63,ALLIANZ,Insurance,BEITRAG Allianz SE K-15373325
9,20.09.2025,-27.23,ZEUS BODYPOWER,Fitness,MITGLIEDSBEITRAG ZEUS BODYPOWER
9,22.09.2025,-63.38,PAYPAL,Other,PAYPAL DDRSLQ
10,13.01.2025,-42.38,VODAFONE,Telecommunications,RECHNUNG VODAFONE GMBH 80189934
10,14.01.2025,-79.06,PAYPAL,Other,PAYPAL NVAEWT
10,15.01.2025,-27.04,ZEUS BODYPOWER,Fitness,MITGLIEDSBEITRAG ZEUS BODYPOWER
11,12.09.2025,-111.17,ZALANDO,Shopping,ZALANDO MKTPLC EU BACHKX
11,14.09.2025,-87.28,STADTWERKE,Utilities,ABSCHLAG STROM Stadtwerke Rosenheim 20189479
11,15.09.2025,-82.93,Unknown,Other,KARTENZ./15.09 LIDL RO
11,18.09.2025,-44.77,Unknown,Other,MCDONALDS Goppingen
11,20.09.2025,-37.87,VODAFONE,Telecommunications,RECHNUNG VODAFONE GMBH 51496512
11,23.09.2025,-27.06,ZEUS BODYPOWER,Fitness,MITGLIEDSBEITRAG ZEUS BODYPOWER
12,04.10.2025,-23.18,ZEUS BODYPOWER,Fitness,MITGLIEDSBEITRAG ZEUS BODYPOWER
12,08.10.2025,-103.38,Unknown,Other,KARTENZ./08.10 EDEKARO
12,12.10.2025,-96.1,PAYPAL,Other,PAYPAL OMKLXQ
12,15.10.2025,-62.79,Unknown,Other,EBAY MKTPLC EU WFGWFS
12,16.10.2025,-54.0,Unknown,Fuel,KARTENZAHLUNG ARAL TANKSTELLE
13,11.03.2025,-49.88,Unknown,Fuel,KARTENZAHLUNG ARAL TANKSTELLE
13,14.03.2025,-38.18,VODAFONE,Telecommunications,RECHNUNG VODAFONE GMBH 18605008
14,06.04.2025,-46.53,PAYPAL,Other,PAYPAL ZMINMY
14,10.04.2025,-42.9,BURGER KING,Food,BURGER KING Brilon
14,12.04.2025,-40.53,VODAFONE,Telecommunications,RECHNUNG VODAFONE GMBH 85172420
14,16.04.2025,-18.4,PAYPAL,Other,PAYPAL EWROMH
15,24.12.2025,-83.94,STADTWERKE,Utilities,ABSCHLAG STROM Stadtwerke Rosenheim 12851347
15,25.12.2025,-10.66,PAYPAL,Other,PAYPAL OZZIQL
16,01.07.2025,-51.91,Unknown,Fuel,KARTENZAHLUNG ARAL TANKSTELLE
16,02.07.2025,-55.0,PAYPAL,Other,PAYPAL NUGGZZ
16,04.07.2025,-130.56,Unknown,Other,KARTENZ./04.07 EDEKARO
16,06.07.2025,-87.8,STADTWERKE,Utilities,ABSCHLAG STROM Stadtwerke Rosenheim 15037280
16,07.07.2025,-23.13,Unknown,Other,MCDONALDS Bayreuth
17,18.01.2025,-87.58,STADTWERKE,Utilities,ABSCHLAG STROM Stadtwerke Rosenheim 65799608.
17,20.01.2025,-40.9,VODAFONE,Telecommunications,RECHNUNG VODAFONE GMBH 88000834
17,21.01.2025,-57.71,JET,Fuel,KARTENZAHLUNG JET TANKSTELLE
18,11.02.2025,-87.47,PAYPAL,Other,PAYPAL YNENZP
18,15.02.2025,-43.55,JET,Fuel,KARTENZAHLUNG JET TANKSTELLE
18,16.02.2025,-16.04,PAYPAL,Other,PAYPAL CWOQVIY
18,20.02.2025,-27.08,ZEUS BODYPOWER,Fitness,MITGLIEDSBEITRAG ZEUS BODYPOWER
19,25.04.2025,-35.72,Unknown,Other,MCDONALDS Viersen
19,02.05.2025,-24.4,ZEUS BODYPOWER,Fitness,MITGLIEDSBEITRAG ZEUS BODYPOWER
20,09.11.2025,-76.59,Unknown,Other,KARTENZ./09.11 REWE RO
20,11.11.2025,-31.73,PAYPAL,Other,PAYPAL MZYMBO
20,12.11.2025,-84.04,STADTWERKE,Utilities,ABSCHLAG STROM Stadtwerke Rosenheim 39764593
21,07.11.2025,-71.98,AMAZON,Shopping,AMAZON.DE MKTPLC EU SEWMYQ
21,11.11.2025,-83.32,STADTWERKE,Utilities,ABSCHLAG STROM Stadtwerke Rosenheim 23760446
21,15.11.2025,-21.47,PAYPAL,Other,PAYPAL VEKXE]
22,39.42.2025,-63.31,PAYPAL,Other,15.07. PAYPAL DGAPZG
22,17.07.2025,-63.03,Unknown,Other,KARTENZ./17.07 LIDL RO
22,19.07.2025,-27.55,ZALANDO,Shopping,ZALANDO MKTPLC EU LXDCGR
23,18.07.2025,-12.17,Unknown,Other,MCDONALDS Sondershausen
23,22.07.2025,-84.07,STADTWERKE,Utilities,ABSCHLAG STROM Stadtwerke Rosenheim 80000741
23,24.07.2025,-38.65,VODAFONE,Telecommunications,RECHNUNG VODAFONE GMBH 77890686
24,20.07.2025,-52.93,ALLIANZ,Insurance,BEITRAG Allianz SE K-38276543
24,21.07.2025,-26.5,ZEUS BODYPOWER,Fitness,MITGLIEDSBEITRAG ZEUS BODYPOWER
24,24.07.2025,-38.02,VODAFONE,Telecommunications,RECHNUNG VODAFONE GMBH 82519962
25,19.05.2025,-55.19,Unknown,Other,KARTENZ./19.05 REWE RO
25,21.05.2025,-27.28,ALDI,Other,KARTENZ./21.05 ALDI SUED RO
25,23.05.2025,-185.8,ZALANDO,Shopping,ZALANDO MKTPLC EU AUJPHO
25,27.05.2025,-87.13,STADTWERKE,Utilities,ABSCHLAG STROM Stadtwerke Rosenheim 45203822
26,21.01.2025,-36.62,Unknown,Other,MCDONALDS Regensburg
26,25.01.2025,-53.09,ALLIANZ,Insurance,BEITRAG Allianz SE K-89187751
26,26.01.2025,-112.17,Unknown,Other,KARTENZ./26.01 LIDL RO
26,02.02.2025,-47.48,PAYPAL,Other,PAYPAL QECNQU
26,06.02.2025,-165.77,AMAZON,Shopping,AMAZON.DE MKTPLC EU QOWGWH
27,01.01.2025,-181.38,Unknown,Other,EBAY MKTPLC EU MOIDHN
27,03.01.2025,-26.91,ZEUS BODYPOWER,Fitness,MITGLIEDSBEITRAG ZEUS BODYPOWER
27,05.01.2025,-83.73,JET,Fuel,KARTENZAHLUNG JET TANKSTELLE
28,17.01.2025,-150.88,AMAZON,Shopping,AMAZON.DE MKTPLC EU AZHJVM
28,18.01.2025,-85.62,PAYPAL,Other,PAYPAL UCQEZL
29,16.04.2025,-11.28,AMAZON,Shopping,AMAZON.DE MKTPLC EU YFSNFY
29,19.04.2025,-23.03,ZEUS BODYPOWER,Fitness,MITGLIEDSBEITRAG ZEUS BODYPOWER
29,20.04.2025,-39.53,VODAFONE,Telecommunications,RECHNUNG VODAFONE GMBH 84670347
29,21.04.2025,-49.48,PAYPAL,Other,PAYPAL AOCDEY
29,25.04.2025,-87.95,STADTWERKE,Utilities,ABSCHLAG STROM Stadtwerke Rosenheim 75572099
29,27.04.2025,-41.35,PAYPAL,Other,PAYPAL NWJHSP
30,05.12.2025,-110.35,Unknown,Other,KARTENZ./05.12 EDEKARO
30,09.12.2025,-37.52,BURGER KING,Food,BURGER KING Regensburg
30,11.12.2025,-10.19,Unknown,Other,MCDONALDS Gunzenhausen
30,12.12.2025,-148.4,AMAZON,Shopping,AMAZON.DE MKTPLC EU ADBLDM
30,15.12.2025,-83.69,SHELL,Fuel,KARTENZAHLUNG SHELL TANKSTELLE
31,08.04.2025,-21.82,BURGER KING,Food,BURGER KING Wertingen
31,10.04.2025,-132.11,Unknown,Other,KARTENZ./10.04 LIDL RO
31,12.04.2025,-39.19,VODAFONE,Telecommunications,RECHNUNG VODAFONE GMBH 63917362
31,13.04.2025,-92.88,Unknown,Other,KARTENZ./13.04 LIDL RO
32,16.02.2025,-41.17,Unknown,Other,MCDONALDS Berlin
32,19.02.2025,-87.77,Unknown,Other,KARTENZ./19.02 LIDL RO
32,23.02.2025,-87.29,STADTWERKE,Utilities,ABSCHLAG STROM Stadtwerke Rosenheim 15673286
33,14.11.2025,-22.64,ZEUS BODYPOWER,Fitness,MITGLIEDSBEITRAG ZEUS BODYPOWER
33,84.52.2025,-63.26,SHELL,Fuel,20.11. KARTENZAHLUNG SHELL TANKSTELLE
34,18.06.2025,-40.19,VODAFONE,Telecommunications,RECHNUNG VODAFONE GMBH 1233299
34,21.06.2025,-77.63,PAYPAL,Other,PAYPAL GWHXVP
34,25.06.2025,-116.18,Unknown,Other,EBAY MKTPLC EU ONLVGJ
34,27.06.2025,-71.46,JET,Fuel,KARTENZAHLUNG JET TANKSTELLE
34,30.06.2025,-82.67,PAYPAL,Other,PAYPAL PVWEKKY
35,06.06.2025,-66.8,SHELL,Fuel,KARTENZAHLUNG SHELL TANKSTELLE
35,09.06.2025,-67.28,PAYPAL,Other,PAYPAL TPQZSU
35,11.06.2025,-41.61,VODAFONE,Telecommunications,RECHNUNG VODAFONE GMBH 85653843
36,11.02.2025,-38.87,VODAFONE,Telecommunications,RECHNUNG VODAFONE GMBH 17014769
36,13.02.2025,-53.03,ALLIANZ,Insurance,BEITRAG Allianz SE K-23469750
36,16.02.2025,-104.31,Unknown,Other,KARTENZ./16.02 EDEKA RO
36,18.02.2025,-44.78,Unknown,Other,MCDONALDS Greiz
36,21.02.2025,-94.69,PAYPAL,Other,PAYPAL UXIXV]
37,10.07.2025,-41.91,VODAFONE,Telecommunications,RECHNUNG VODAFONE GMBH 22653986
37,12.07.2025,-22.75,ZEUS BODYPOWER,Fitness,MITGLIEDSBEITRAG ZEUS BODYPOWER
37,16.07.2025,-39.85,BURGER KING,Food,BURGER KING Schwabminchen
37,17.07.2025,-45.58,Unknown,Other,KARTENZ./17.07 REWE RO
37,18.07.2025,-39.11,BURGER KING,Food,BURGER KING Butzow
37,22.07.2025,-86.9,STADTWERKE,Utilities,ABSCHLAG STROM Stadtwerke Rosenheim 60683912
38,13.02.2025,-24.43,ZEUS BODYPOWER,Fitness,MITGLIEDSBEITRAG ZEUS BODYPOWER
38,15.02.2025,-55.28,ALLIANZ,Insurance,BEITRAG Allianz SE K-13804417
38,19.02.2025,-86.51,STADTWERKE,Utilities,ABSCHLAG STROM Stadtwerke Rosenheim 50990671
38,20.02.2025,-40.48,VODAFONE,Telecommunications,RECHNUNG VODAFONE GMBH 47173168
38,22.02.2025,-57.39,Unknown,Fuel,KARTENZAHLUNG ARAL TANKSTELLE
38,24.02.2025,-123.06,ZALANDO,Shopping,ZALANDO MKTPLC EU ZOEBRA
39,05.07.2025,-87.55,STADTWERKE,Utilities,ABSCHLAG STROM Stadtwerke Rosenheim 99918609
39,12.07.2025,-74.59,JET,Fuel,KARTENZAHLUNG JET TANKSTELLE
40,05.03.2025,-84.68,STADTWERKE,Utilities,ABSCHLAG STROM Stadtwerke Rosenheim 57977890
40,09.03.2025,-25.01,BURGER KING,Food,BURGER KING Teterow
40,14.03.2025,-47.86,Unknown,Fuel,KARTENZAHLUNG ARAL TANKSTELLE
41,07.10.2025,-167.45,AMAZON,Shopping,AMAZON.DE MKTPLC EU VCGXQB
41,10.10.2025,-87.9,STADTWERKE,Utilities,ABSCHLAG STROM Stadtwerke Rosenheim 34769440
41,12.10.2025,-56.65,ALLIANZ,Insurance,BEITRAG Allianz SE K-29968446
41,13.10.2025,-61.03,PAYPAL,Other,PAYPAL HKUKYE
41,14.10.2025,-41.4,SHELL,Fuel,KARTENZAHLUNG SHELL TANKSTELLE
42,07.04.2025,-14.3,BURGER KING,Food,BURGER KING Aachen
42,11.04.2025,-56.94,ALLIANZ,Insurance,BEITRAG Allianz SE K-40601870
42,12.04.2025,-26.94,ZEUS BODYPOWER,Fitness,MITGLIEDSBEITRAG ZEUS BODYPOWER
43,04.03.2025,-25.97,ZEUS BODYPOWER,Fitness,MITGLIEDSBEITRAG ZEUS BODYPOWER
43,07.03.2025,-84.91,STADTWERKE,Utilities,ABSCHLAG STROM Stadtwerke Rosenheim 43440768
43,09.03.2025,-53.67,ALLIANZ,Insurance,BEITRAG Allianz SE K-50888282
43,12.03.2025,-201.28,AMAZON,Shopping,AMAZON.DE MKTPLC EU QFHVOP
44,15.09.2025,-40.96,BURGER KING,Food,BURGER KING Sangerhausen
44,16.09.2025,-94.99,AMAZON,Shopping,AMAZON.DE MKTPLC EU AIDHJM
44,20.09.2025,-23.46,Unknown,Other,MCDONALDS Pfaffenhofen an der Ilm
44,22.09.2025,-93.32,Unknown,Other,EBAY MKTPLC EU HJYPDT
44,24.09.2025,-22.89,ZEUS BODYPOWER,Fitness,MITGLIEDSBEITRAG ZEUS BODYPOWER
44,27.09.2025,-65.37,ALDI,Other,KARTENZ./27.09 ALDI SUED RO
45,24.09.2025,-22.55,ZEUS BODYPOWER,Fitness,MITGLIEDSBEITRAG ZEUS BODYPOWER
45,25.09.2025,-87.38,STADTWERKE,Utilities,ABSCHLAG STROM Stadtwerke Rosenheim 50212439
45,27.09.2025,-75.18,Unknown,Fuel,KARTENZAHLUNG ARAL TANKSTELLE
46,29.08.2025,-84.53,PAYPAL,Other,PAYPAL MGAEJR
46,02.09.2025,-11.1,PAYPAL,Other,PAYPAL AIZXON
46,03.09.2025,-244.56,ZALANDO,Shopping,ZALANDO MKTPLC EU TBKFNF
46,06.09.2025,-109.9,ZALANDO,Shopping,ZALANDO MKTPLC EU XXFNEL
46,08.09.2025,-57.98,ZALANDO,Shopping,ZALANDO MKTPLC EU FMYGVP
47,22.08.2025,-108.79,Unknown,Other,KARTENZ./22.08 REWE RO
47,25.08.2025,-41.12,VODAFONE,Telecommunications,RECHNUNG VODAFONE GMBH 70389152
47,28.08.2025,-53.8,ALLIANZ,Insurance,BEITRAG Allianz SE K-13254487
47,29.08.2025,-81.37,Unknown,Fuel,KARTENZAHLUNG ARAL TANKSTELLE
48,31.12.2025,-25.38,ZEUS BODYPOWER,Fitness,MITGLIEDSBEITRAG ZEUS BODYPOWER
48,03.01.2025,-84.83,STADTWERKE,Utilities,ABSCHLAG STROM Stadtwerke Rosenheim 52291765
49,24.08.2025,-165.29,AMAZON,Shopping,AMAZON.DE MKTPLC EU YORYTC
49,25.08.2025,-41.53,VODAFONE,Telecommunications,RECHNUNG VODAFONE GMBH 69150050
49,27.08.2025,-50.45,PAYPAL,Other,PAYPAL GHPSIH
49,29.08.2025,-12.38,BURGER KING,Food,BURGER KING Lichtenfels
49,30.08.2025,-148.83,Unknown,Other,EBAY MKTPLC EU WWHGQK
49,03.09.2025,-55.85,ALLIANZ,Insurance,BEITRAG Allianz SE K-77314451
50,17.04.2025,-84.26,STADTWERKE,Utilities,ABSCHLAG STROM Stadtwerke Rosenheim 3993760
50,18.04.2025,-53.57,ALLIANZ,Insurance,BEITRAG Allianz SE K-10908936
50,22.04.2025,-66.79,Unknown,Fuel,KARTENZAHLUNG ARAL TANKSTELLE
51,21.10.2025,-43.73,JET,Fuel,KARTENZAHLUNG JET TANKSTELLE
51,25.10.2025,-42.12,VODAFONE,Telecommunications,RECHNUNG VODAFONE GMBH 56124404
51,29.10.2025,-87.6,STADTWERKE,Utilities,ABSCHLAG STROM Stadtwerke Rosenheim 27208654
52,04.05.2025,-84.05,AMAZON,Shopping,AMAZON.DE MKTPLC EU PIYXZT
52,06.05.2025,-83.68,STADTWERKE,Utilities,ABSCHLAG STROM Stadtwerke Rosenheim 64519680
52,08.05.2025,-39.06,VODAFONE,Telecommunications,RECHNUNG VODAFONE GMBH 31068626
52,12.05.2025,-83.81,SHELL,Fuel,KARTENZAHLUNG SHELL TANKSTELLE
52,16.05.2025,-53.08,ALLIANZ,Insurance,BEITRAG Allianz SE K-48939226
53,08.02.2025,-56.56,PAYPAL,Other,PAYPAL YVTYPI
53,12.02.2025,-80.67,PAYPAL,Other,PAYPAL QFPOBW
53,13.02.2025,-24.79,BURGER KING,Food,BURGER KING Bad Kissingen
53,16.02.2025,-83.3,STADTWERKE,Utilities,ABSCHLAG STROM Stadtwerke Rosenheim 51291310
53,18.02.2025,-79.59,Unknown,Other,EBAY MKTPLC EU PDFOIQ
54,04.07.2025,-129.75,Unknown,Other,KARTENZ./04.07 REWE RO
54,07.07.2025,-45.72,SHELL,Fuel,KARTENZAHLUNG SHELL TANKSTELLE
54,10.07.2025,-25.38,ZEUS BODYPOWER,Fitness,MITGLIEDSBEITRAG ZEUS BODYPOWER
55,15.12.2025,-37.81,BURGER KING,Food,BURGER KING Eisenberg
55,19.12.2025,-26.59,ZEUS BODYPOWER,Fitness,MITGLIEDSBEITRAG ZEUS BODYPOWER
55,22.12.2025,-84.29,Unknown,Fuel,KARTENZAHLUNG ARAL TANKSTELLE
55,26.12.2025,-70.0,PAYPAL,Other,PAYPAL DUVBTL
56,07.08.2025,-73.55,Unknown,Other,EBAY MKTPLC EU WJXDDU
56,11.08.2025,-26.75,ZEUS BODYPOWER,Fitness,MITGLIEDSBEITRAG ZEUS BODYPOWER
56,15.08.2025,-16.28,PAYPAL,Other,PAYPALZPCSBM
57,05.12.2025,-84.22,STADTWERKE,Utilities,ABSCHLAG STROM Stadtwerke Rosenheim 86682840
57,51.84.2025,-52.75,ALLIANZ,Insurance,14.12. BEITRAG Allianz SE K-85382868
58,06.10.2025,-54.5,ALLIANZ,Insurance,BEITRAG Allianz SE K-86356247
58,10.10.2025,-38.32,VODAFONE,Telecommunications,RECHNUNG VODAFONE GMBH 61682184
58,11.10.2025,-26.28,ZEUS BODYPOWER,Fitness,MITGLIEDSBEITRAG ZEUS BODYPOWER
58,13.10.2025,-88.28,Unknown,Fuel,KARTENZAHLUNG ARAL TANKSTELLE
59,17.03.2025,-120.49,Unknown,Other,EBAY MKTPLC EU QRZHVK
59,21.03.2025,-43.77,BURGER KING,Food,BURGER KING Roth
59,22.03.2025,-41.76,BURGER KING,Food,BURGER KING Gustrow
59,27.03.2025,-17.81,Unknown,Other,MCDONALDS Bad Kissingen
60,28.02.2025,-70.07,JET,Fuel,KARTENZAHLUNG JET TANKSTELLE
60,03.03.2025,-42.3,VODAFONE,Telecommunications,RECHNUNG VODAFONE GMBH 43113211
60,05.03.2025,-33.21,Unknown,Other,KARTENZ./05.03 LIDL RO
60,07.03.2025,-85.0,SHELL,Fuel,KARTENZAHLUNG SHELL TANKSTELLE
60,10.03.2025,-78.27,Unknown,Other,KARTENZ./10.03 LIDL RO
60,14.03.2025,-70.32,JET,Fuel,KARTENZAHLUNG JET TANKSTELLE
61,06.12.2025,-87.76,STADTWERKE,Utilities,ABSCHLAG STROM Stadtwerke Rosenheim 20557663
61,07.12.2025,-196.55,ZALANDO,Shopping,ZALANDO MKTPLC EU BPIWNF
61,10.12.2025,-55.32,ALLIANZ,Insurance,BEITRAG Allianz SE K-26929362
62,23.12.2025,-129.11,ALDI,Other,KARTENZ./23.12 ALDI SUED RO
62,25.12.2025,-25.07,ZEUS BODYPOWER,Fitness,MITGLIEDSBEITRAG ZEUS BODYPOWER
63,22.04.2025,-73.68,SHELL,Fuel,KARTENZAHLUNG SHELL TANKSTELLE
63,25.04.2025,-42.46,VODAFONE,Telecommunications,RECHNUNG VODAFONE GMBH 46437934
64,56.14.2025,-22.91,AMAZON,Shopping,12.01. AMAZON.DE MKTPLC EU ZOVFTC
64,13.01.2025,-15.11,Unknown,Other,MCDONALDS Luckenwalde
64,14.01.2025,-84.76,STADTWERKE,Utilities,ABSCHLAG STROM Stadtwerke Rosenheim 87216108
65,02.08.2025,-83.7,STADTWERKE,Utilities,ABSCHLAG STROM Stadtwerke Rosenheim 28269177
65,05.08.2025,-42.67,JET,Fuel,KARTENZAHLUNG JET TANKSTELLE
65,06.08.2025,-26.71,ZEUS BODYPOWER,Fitness,MITGLIEDSBEITRAG ZEUS BODYPOWER
66,29.07.2025,-64.8,PAYPAL,Other,PAYPAL KTCUBR
66,01.08.2025,-138.69,AMAZON,Shopping,AMAZON.DE MKTPLC EU PCKKTB.
66,05.08.2025,-53.4,ALLIANZ,Insurance,BEITRAG Allianz SE K-13194129
67,04.10.2025,-37.61,VODAFONE,Telecommunications,RECHNUNG VODAFONE GMBH 4061772
67,05.10.2025,-148.68,Unknown,Other,KARTENZ./05.10 REWE RO
67,08.10.2025,-25.97,ZEUS BODYPOWER,Fitness,MITGLIEDSBEITRAG ZEUS BODYPOWER
67,11.10.2025,-160.05,Unknown,Other,EBAY MKTPLC EU OMHZVI
67,15.10.2025,-74.06,PAYPAL,Other,PAYPAL PWYAS)
67,17.10.2025,-21.92,PAYPAL,Other,PAYPAL KWVEOD
68,05.03.2025,-37.5,VODAFONE,Telecommunications,RECHNUNG VODAFONE GMBH 6064828
68,09.03.2025,-18.49,BURGER KING,Food,BURGER KING Reutlingen
68,12.03.2025,-83.43,STADTWERKE,Utilities,ABSCHLAG STROM Stadtwerke Rosenheim 10115381
69,19.04.2025,-40.02,VODAFONE,Telecommunications,RECHNUNG VODAFONE GMBH 11268334
69,26.04.2025,-53.48,ALLIANZ,Insurance,BEITRAG Allianz SE K-90393503
70,29.05.2025,-38.09,VODAFONE,Telecommunications,RECHNUNG VODAFONE GMBH 76134376
71,02.03.2025,-24.82,ZEUS BODYPOWER,Fitness,MITGLIEDSBEITRAG ZEUS BODYPOWER
71,03.03.2025,-38.65,PAYPAL,Other,PAYPAL YEMUNU
71,04.03.2025,-56.09,ALLIANZ,Insurance,BEITRAG Allianz SE K-53975052
71,05.03.2025,-37.92,VODAFONE,Telecommunications,RECHNUNG VODAFONE GMBH 17214171
71,06.03.2025,-41.21,JET,Fuel,KARTENZAHLUNG JET TANKSTELLE
71,10.03.2025,-86.55,STADTWERKE,Utilities,ABSCHLAG STROM Stadtwerke Rosenheim 99490608.
72,28.12.2025,-78.61,SHELL,Fuel,KARTENZAHLUNG SHELL TANKSTELLE
72,01.01.2025,-27.49,ZEUS BODYPOWER,Fitness,MITGLIEDSBEITRAG ZEUS BODYPOWER
72,02.01.2025,-54.61,ALLIANZ,Insurance,BEITRAG Allianz SE K-29054584
72,04.01.2025,-125.21,Unknown,Other,KARTENZ./04.01 LIDLRO
72,08.01.2025,-37.67,VODAFONE,Telecommunications,RECHNUNG VODAFONE GMBH 29637541
72,12.01.2025,-87.63,STADTWERKE,Utilities,ABSCHLAG STROM Stadtwerke Rosenheim 37416231
73,29.05.2025,-52.9,ALLIANZ,Insurance,BEITRAG Allianz SE K-44018306
73,31.05.2025,-24.56,ZEUS BODYPOWER,Fitness,MITGLIEDSBEITRAG ZEUS BODYPOWER
73,02.06.2025,-40.82,VODAFONE,Telecommunications,RECHNUNG VODAFONE GMBH 69082963
73,06.06.2025,-122.7,Unknown,Other,KARTENZ./06.06 EDEKA RO
73,09.06.2025,-86.27,STADTWERKE,Utilities,ABSCHLAG STROM Stadtwerke Rosenheim 50022807
74,18.01.2025,-26.5,ZEUS BODYPOWER,Fitness,MITGLIEDSBEITRAG ZEUS BODYPOWER
74,21.01.2025,-54.7,ALLIANZ,Insurance,BEITRAG Allianz SE K-92155528
74,25.01.2025,-39.17,VODAFONE,Telecommunications,RECHNUNG VODAFONE GMBH 87804376
74,31.01.2025,-84.22,STADTWERKE,Utilities,ABSCHLAG STROM Stadtwerke Rosenheim 36758598.
75,24.03.2025,-40.35,BURGER KING,Food,BURGER KING Badoberan
75,25.03.2025,-43.57,BURGER KING,Food,BURGER KING Rathenow
75,31.03.2025,-26.16,ZEUS BODYPOWER,Fitness,MITGLIEDSBEITRAG ZEUS BODYPOWER
75,01.04.2025,-41.49,VODAFONE,Telecommunications,RECHNUNG VODAFONE GMBH 24954896
76,01.04.2025,-25.71,Unknown,Other,MCDONALDS Rastatt
76,02.04.2025,-86.25,STADTWERKE,Utilities,ABSCHLAG STROM Stadtwerke Rosenheim 72482709
76,06.04.2025,-22.68,ZEUS BODYPOWER,Fitness,MITGLIEDSBEITRAG ZEUS BODYPOWER
77,20.07.2025,-22.77,PAYPAL,Other,PAYPAL OOXCOG
77,24.07.2025,-23.56,ZEUS BODYPOWER,Fitness,MITGLIEDSBEITRAG ZEUS BODYPOWER
78,16.08.2025,-16.26,BURGER KING,Food,BURGER KING Melsungen
78,17.08.2025,-31.35,BURGER KING,Food,BURGER KING Grafenhainichen
78,25.08.2025,-24.38,ZEUS BODYPOWER,Fitness,MITGLIEDSBEITRAG ZEUS BODYPOWER
79,01.10.2025,-86.19,ZALANDO,Shopping,ZALANDO MKTPLC EU MWFZLV
80,17.05.2025,-23.7,Unknown,Other,KARTENZ./17.05 EDEKA RO
80,20.05.2025,-85.33,STADTWERKE,Utilities,ABSCHLAG STROM Stadtwerke Rosenheim 99408798
80,24.05.2025,-23.62,ZEUS BODYPOWER,Fitness,MITGLIEDSBEITRAG ZEUS BODYPOWER
80,25.05.2025,-38.86,VODAFONE,Telecommunications,RECHNUNG VODAFONE GMBH 19247829
81,14.10.2025,-86.48,STADTWERKE,Utilities,ABSCHLAG STROM Stadtwerke Rosenheim 30378371
81,17.10.2025,-25.15,ZEUS BODYPOWER,Fitness,MITGLIEDSBEITRAG ZEUS BODYPOWER
81,20.10.2025,-124.61,Unknown,Other,KARTENZ./20.10 REWE RO
82,28.10.2025,-74.75,Unknown,Fuel,KARTENZAHLUNG ARAL TANKSTELLE
82,29.10.2025,-25.5,PAYPAL,Other,PAYPAL XADLZT
82,31.10.2025,-14.12,BURGER KING,Food,BURGER KING Ravensburg
83,10.07.2025,-86.78,STADTWERKE,Utilities,"ABSCHLAG STROM Stadtwerke Rosenheim 5030065,"
83,13.07.2025,-26.57,ZEUS BODYPOWER,Fitness,MITGLIEDSBEITRAG ZEUS BODYPOWER
83,15.07.2025,-56.49,ALLIANZ,Insurance,BEITRAG Allianz SE K-25668205
83,19.07.2025,-84.68,JET,Fuel,KARTENZAHLUNG JET TANKSTELLE
84,12.03.2025,-85.92,STADTWERKE,Utilities,ABSCHLAG STROM Stadtwerke Rosenheim 33952110
84,14.03.2025,-145.81,AMAZON,Shopping,AMAZON.DE MKTPLC EU NLQNLX
84,16.03.2025,-26.85,ZEUS BODYPOWER,Fitness,MITGLIEDSBEITRAG ZEUS BODYPOWER
85,15.02.2025,-40.51,BURGER KING,Food,BURGER KING Norden
85,18.02.2025,-115.25,ZALANDO,Shopping,ZALANDO MKTPLC EU GYBEVZ
85,27.02.2025,-55.71,ALLIANZ,Insurance,BEITRAG Allianz SE K-13729634
86,08.09.2025,-26.47,ZEUS BODYPOWER,Fitness,MITGLIEDSBEITRAG ZEUS BODYPOWER
86,13.09.2025,-74.08,ALDI,Other,KARTENZ./13.09 ALDI SUED RO
86,16.09.2025,-39.28,VODAFONE,Telecommunications,RECHNUNG VODAFONE GMBH 15625354
86,20.09.2025,-24.95,Unknown,Other,KARTENZ./20.09 LIDL RO
87,20.07.2025,-40.56,VODAFONE,Telecommunications,RECHNUNG VODAFONE GMBH 77075792
87,21.07.2025,-56.41,ALLIANZ,Insurance,BEITRAG Allianz SE K-99077508
87,22.07.2025,-26.09,ZEUS BODYPOWER,Fitness,MITGLIEDSBEITRAG ZEUS BODYPOWER
87,25.07.2025,-86.51,STADTWERKE,Utilities,ABSCHLAG STROM Stadtwerke Rosenheim 68504162
87,27.07.2025,-32.28,BURGER KING,Food,BURGER KING Wunsiedel
88,18.03.2025,-56.22,ALLIANZ,Insurance,BEITRAG Allianz SE K-59329011
88,19.03.2025,-36.01,BURGER KING,Food,BURGER KING Eggenfelden
88,20.03.2025,-39.72,Unknown,Other,MCDONALDS Nordhausen
88,21.03.2025,-60.39,Unknown,Other,KARTENZ./21.03 LIDL RO
89,10.03.2025,-90.08,ALDI,Other,KARTENZ./10.03 ALDI SUED RO
89,14.03.2025,-43.93,PAYPAL,Other,PAYPAL SKAKHK
89,15.03.2025,-86.89,STADTWERKE,Utilities,ABSCHLAG STROM Stadtwerke Rosenheim 38523781
89,18.03.2025,-26.17,Unknown,Other,MCDONALDS Spremberg
90,18.12.2025,-101.7,ZALANDO,Shopping,ZALANDO MKTPLC EU VQPFHA
91,13.07.2025,-14.11,PAYPAL,Other,PAYPAL YOXXQS
91,18.07.2025,-88.37,Unknown,Fuel,KARTENZAHLUNG ARAL TANKSTELLE
91,21.07.2025,-24.42,ZEUS BODYPOWER,Fitness,MITGLIEDSBEITRAG ZEUS BODYPOWER
91,25.07.2025,-147.63,Unknown,Other,KARTENZ./25.07 EDEKA RO
92,25.03.2025,-57.06,ALLIANZ,Insurance,BEITRAG Allianz SE K-62639103
92,28.03.2025,-140.99,ALDI,Other,KARTENZ./28.03 ALDI SUED RO
92,30.03.2025,-23.68,ZEUS BODYPOWER,Fitness,MITGLIEDSBEITRAG ZEUS BODYPOWER
92,02.04.2025,-71.08,PAYPAL,Other,PAYPAL JPWXKY
92,06.04.2025,-67.38,Unknown,Other,KARTENZ./06.04 REWE RO
92,09.04.2025,-31.92,Unknown,Other,MCDONALDS Mayen
93,13.04.2025,-26.76,ZEUS BODYPOWER,Fitness,MITGLIEDSBEITRAG ZEUS BODYPOWER
93,14.04.2025,-55.51,Unknown,Other,KARTENZ./14.04 EDEKA RO
93,18.04.2025,-42.02,VODAFONE,Telecommunications,RECHNUNG VODAFONE GMBH 91530168
94,12.02.2025,-38.96,VODAFONE,Telecommunications,RECHNUNG VODAFONE GMBH 21194493
94,14.02.2025,-103.39,Unknown,Other,KARTENZ./14.02 REWE RO
95,26.03.2025,-12.37,Unknown,Other,MCDONALDS Schmolin
95,30.03.2025,-55.33,ALLIANZ,Insurance,BEITRAG Allianz SE K-93773828
95,02.04.2025,-13.71,Unknown,Other,MCDONALDS Oranienburg
96,27.03.2025,-75.03,Unknown,Other,KARTENZ./27.03 REWE RO
96,28.03.2025,-70.09,PAYPAL,Other,PAYPAL SDMNGI
96,01.04.2025,-57.13,ALLIANZ,Insurance,BEITRAG Allianz SE K-67165815
96,04.04.2025,-33.0,Unknown,Other,MCDONALDS Delitzsch
96,08.04.2025,-56.75,PAYPAL,Other,PAYPAL NUOSxI
96,10.04.2025,-49.0,Unknown,Fuel,KARTENZAHLUNG ARAL TANKSTELLE
97,12.10.2025,-37.51,VODAFONE,Telecommunications,RECHNUNG VODAFONE GMBH 34556042
97,16.10.2025,-15.06,ALDI,Other,KARTENZ./16.10 ALDI SUED RO
97,19.10.2025,-84.58,STADTWERKE,Utilities,ABSCHLAG STROM Stadtwerke Rosenheim 89371372
98,13.02.2025,-13.3,Unknown,Other,MCDONALDS Boblingen
98,17.02.2025,-73.29,PAYPAL,Other,PAYPAL HGDJXK
99,16.03.2025,-24.61,ZEUS BODYPOWER,Fitness,MITGLIEDSBEITRAG ZEUS BODYPOWER
99,18.03.2025,-39.18,BURGER KING,Food,BURGER KING Oschatz
100,14.01.2025,-52.78,ALLIANZ,Insurance,BEITRAG Allianz SE K-44797846
100,15.01.2025,-84.08,STADTWERKE,Utilities,ABSCHLAG STROM Stadtwerke Rosenheim 78473520
100,18.01.2025,-96.65,PAYPAL,Other,PAYPAL FHNVQL
100,21.01.2025,-42.11,Unknown,Fuel,KARTENZAHLUNG ARAL TANKSTELLE
100,24.01.2025,-30.67,Unknown,Other,EBAY MKTPLC EU DNRIZC
100,25.01.2025,-114.71,ZALANDO,Shopping,ZALANDO MKTPLC EU ELNKWL
101,29.01.2025,-142.44,Unknown,Other,KARTENZ./29.01 LIDL RO
101,30.01.2025,-13.67,BURGER KING,Food,BURGER KING Neustadt am Ribenberge
102,13.01.2025,-125.38,Unknown,Other,EBAY MKTPLC EU XCMIHF
102,17.01.2025,-22.73,ZEUS BODYPOWER,Fitness,MITGLIEDSBEITRAG ZEUS BODYPOWER
102,19.01.2025,-54.35,ALLIANZ,Insurance,BEITRAG Allianz SE K-59657589
103,22.03.2025,-39.85,VODAFONE,Telecommunications,RECHNUNG VODAFONE GMBH 25038358
103,25.03.2025,-26.32,ZEUS BODYPOWER,Fitness,MITGLIEDSBEITRAG ZEUS BODYPOWER
103,27.03.2025,-25.75,Unknown,Other,KARTENZ./27.03 REWE RO
104,11.09.2025,-19.66,Unknown,Other,MCDONALDS Klotze
104,13.09.2025,-55.03,ALLIANZ,Insurance,BEITRAG Allianz SE K-25252211
104,16.09.2025,-26.15,Unknown,Other,MCDONALDS Donaueschingen
104,18.09.2025,-92.45,PAYPAL,Other,PAYPAL NEUSUO
105,08.04.2025,-58.1,Unknown,Other,KARTENZ./08.04 EDEKA RO
105,12.04.2025,-127.12,Unknown,Other,EBAY MKTPLC EU CRWMFO
106,11.03.2025,-56.76,ALLIANZ,Insurance,BEITRAG Allianz SE K-89753794
106,15.03.2025,-46.87,PAYPAL,Other,PAYPAL ONYYII
106,22.03.2025,-24.18,BURGER KING,Food,BURGER KING Neustadtner Waldnaab
107,19.06.2025,-41.4,Unknown,Other,MCDONALDS Quedlinburg
107,26.06.2025,-22.52,ZEUS BODYPOWER,Fitness,MITGLIEDSBEITRAG ZEUS BODYPOWER
108,25.04.2025,-87.88,STADTWERKE,Utilities,ABSCHLAG STROM Stadtwerke Rosenheim 1978932
108,26.04.2025,-75.78,SHELL,Fuel,KARTENZAHLUNG SHELL TANKSTELLE
108,03.05.2025,-37.83,VODAFONE,Telecommunications,RECHNUNG VODAFONE GMBH 51557657
109,28.05.2025,-97.08,ALDI,Other,KARTENZ./28.05 ALDI SUED RO
109,01.06.2025,-21.59,Unknown,Other,MCDONALDS Wurzen
109,03.06.2025,-84.76,STADTWERKE,Utilities,ABSCHLAG STROM Stadtwerke Rosenheim 49644414
109,04.06.2025,-38.4,VODAFONE,Telecommunications,RECHNUNG VODAFONE GMBH 89206057
110,25.41.2025,-126.81,ALDI,Other,25.10. KARTENZ./24.10 ALDI SUED RO
110,27.10.2025,-86.36,STADTWERKE,Utilities,ABSCHLAG STROM Stadtwerke Rosenheim 74785072
111,29.12.2025,-25.07,ZEUS BODYPOWER,Fitness,MITGLIEDSBEITRAG ZEUS BODYPOWER
111,31.12.2025,-20.95,Unknown,Other,KARTENZ./31.12 EDEKA RO
111,02.01.2025,-64.61,Unknown,Other,KARTENZ./02.01 REWE RO
112,19.12.2025,-23.99,ZEUS BODYPOWER,Fitness,MITGLIEDSBEITRAG ZEUS BODYPOWER
112,01.01.2025,-88.81,ALDI,Other,KARTENZ./01.01 ALDI SUED RO
112,04.01.2025,-87.89,STADTWERKE,Utilities,"ABSCHLAG STROM Stadtwerke Rosenheim 91808625,"
113,09.02.2025,-175.31,ZALANDO,Shopping,ZALANDO MKTPLC EU GRRLVI
113,12.02.2025,-36.07,BURGER KING,Food,BURGER KING Hildburghausen
113,13.02.2025,-54.75,SHELL,Fuel,KARTENZAHLUNG SHELL TANKSTELLE
113,20.02.2025,-53.66,ALLIANZ,Insurance,BEITRAG Allianz SE K-73709920
113,24.02.2025,-28.55,BURGER KING,Food,BURGER KING Northeim
114,01.06.2025,-42.4,VODAFONE,Telecommunications,RECHNUNG VODAFONE GMBH 92808503
114,04.06.2025,-83.38,STADTWERKE,Utilities,ABSCHLAG STROM Stadtwerke Rosenheim 78256879
114,06.06.2025,-47.35,SHELL,Fuel,KARTENZAHLUNG SHELL TANKSTELLE
115,04.05.2025,-64.46,AMAZON,Shopping,AMAZON.DE MKTPLC EU MSWTXT
115,06.05.2025,-52.75,ALLIANZ,Insurance,BEITRAG Allianz SE K-88063660
115,08.05.2025,-85.77,STADTWERKE,Utilities,ABSCHLAG STROM Stadtwerke Rosenheim 37410659
115,10.05.2025,-141.91,Unknown,Other,KARTENZ./10.05 REWE RO
115,13.05.2025,-39.86,VODAFONE,Telecommunications,RECHNUNG VODAFONE GMBH 11380742
115,16.05.2025,-26.56,ZEUS BODYPOWER,Fitness,MITGLIEDSBEITRAG ZEUS BODYPOWER
116,11.07.2025,-26.5,ZEUS BODYPOWER,Fitness,MITGLIEDSBEITRAG ZEUS BODYPOWER
116,13.07.2025,-41.49,VODAFONE,Telecommunications,RECHNUNG VODAFONE GMBH 50825964
116,15.07.2025,-214.78,AMAZON,Shopping,AMAZON.DE MKTPLC EU PIABQK
117,07.01.2025,-86.54,SHELL,Fuel,KARTENZAHLUNG SHELL TANKSTELLE
117,08.01.2025,-23.68,ZEUS BODYPOWER,Fitness,MITGLIEDSBEITRAG ZEUS BODYPOWER
117,12.01.2025,-73.55,PAYPAL,Other,PAYPAL NAIZZS
117,14.01.2025,-57.82,JET,Fuel,KARTENZAHLUNG JET TANKSTELLE
118,06.04.2025,-41.72,VODAFONE,Telecommunications,RECHNUNG VODAFONE GMBH 43685141
118,09.04.2025,-54.39,ALLIANZ,Insurance,BEITRAG Allianz SE K-79925012
118,10.04.2025,-80.43,SHELL,Fuel,KARTENZAHLUNG SHELL TANKSTELLE
118,11.04.2025,-84.1,STADTWERKE,Utilities,ABSCHLAG STROM Stadtwerke Rosenheim 19789241
119,27.02.2025,-58.63,PAYPAL,Other,PAYPAL LBGMIN
119,02.03.2025,-56.83,ALLIANZ,Insurance,BEITRAG Allianz SE K-8754721
119,06.03.2025,-25.65,ZEUS BODYPOWER,Fitness,MITGLIEDSBEITRAG ZEUS BODYPOWER
119,10.03.2025,-37.59,VODAFONE,Telecommunications,RECHNUNG VODAFONE GMBH 59284493
120,29.03.2025,-40.12,BURGER KING,Food,BURGER KING Wernigerode
120,30.03.2025,-26.17,ZEUS BODYPOWER,Fitness,MITGLIEDSBEITRAG ZEUS BODYPOWER
120,02.04.2025,-41.68,VODAFONE,Telecommunications,RECHNUNG VODAFONE GMBH 23222813
120,06.04.2025,-83.41,STADTWERKE,Utilities,ABSCHLAG STROM Stadtwerke Rosenheim 74478856
121,29.09.2025,-6.22,PAYPAL,Other,PAYPAL EYTQEZ
121,03.10.2025,-27.2,AMAZON,Shopping,AMAZON.DE MKTPLC EU PSUBGU
121,07.10.2025,-40.96,VODAFONE,Telecommunications,RECHNUNG VODAFONE GMBH 28381372
122,27.09.2025,-42.09,VODAFONE,Telecommunications,RECHNUNG VODAFONE GMBH 17826851
122,28.09.2025,-55.92,ALLIANZ,Insurance,BEITRAG Allianz SE K-26369448
122,01.10.2025,-10.05,PAYPAL,Other,PAYPAL HGUUL!
123,10.09.2025,-16.21,BURGER KING,Food,BURGER KING Scheinfeld
123,14.09.2025,-26.23,ZEUS BODYPOWER,Fitness,MITGLIEDSBEITRAG ZEUS BODYPOWER
124,07.05.2025,-22.87,ZEUS BODYPOWER,Fitness,MITGLIEDSBEITRAG ZEUS BODYPOWER
124,11.05.2025,-57.69,ALLIANZ,Insurance,BEITRAG Allianz SE K-16989116
124,15.05.2025,-36.16,PAYPAL,Other,PAYPAL THIDCB
124,16.05.2025,-84.69,STADTWERKE,Utilities,ABSCHLAG STROM Stadtwerke Rosenheim 54445882
124,18.05.2025,-38.32,VODAFONE,Telecommunications,RECHNUNG VODAFONE GMBH 60037623
125,19.09.2025,-41.48,Unknown,Other,MCDONALDS Konigs Wusterhausen
125,23.09.2025,-85.38,STADTWERKE,Utilities,ABSCHLAG STROM Stadtwerke Rosenheim 78366344
125,25.09.2025,-25.09,ZEUS BODYPOWER,Fitness,MITGLIEDSBEITRAG ZEUS BODYPOWER
125,29.09.2025,-133.65,Unknown,Other,KARTENZ./29.09 EDEKA RO
127,31.10.2025,-80.84,SHELL,Fuel,KARTENZAHLUNG SHELL TANKSTELLE
127,01.11.2025,-34.71,Unknown,Other,MCDONALDS Gutersloh
127,86.64.2025,-53.31,ALLIANZ,Insurance,04.11. BEITRAG Allianz SE K-96355586
127,06.11.2025,-84.57,SHELL,Fuel,KARTENZAHLUNG SHELL TANKSTELLE
128,25.10.2025,-24.38,ZEUS BODYPOWER,Fitness,MITGLIEDSBEITRAG ZEUS BODYPOWER
128,28.10.2025,-15.24,Unknown,Other,MCDONALDS Jessen
128,31.10.2025,-53.33,ALLIANZ,Insurance,BEITRAG Allianz SE K-72512341
129,30.03.2025,-55.68,ALLIANZ,Insurance,BEITRAG Allianz SE K-99633816
129,01.04.2025,-83.55,STADTWERKE,Utilities,ABSCHLAG STROM Stadtwerke Rosenheim 92746608
129,02.04.2025,-34.85,PAYPAL,Other,PAYPAL CUKWPF
129,03.04.2025,-113.62,AMAZON,Shopping,AMAZON.DE MKTPLC EU SOPPCK
130,10.02.2025,-23.37,ZEUS BODYPOWER,Fitness,MITGLIEDSBEITRAG ZEUS BODYPOWER
130,12.02.2025,-138.82,ALDI,Other,KARTENZ./12.02 ALDI SUED RO
130,13.02.2025,-149.03,Unknown,Other,KARTENZ./13.02 EDEKA RO
131,01.12.2025,-86.06,STADTWERKE,Utilities,ABSCHLAG STROM Stadtwerke Rosenheim 45089378
131,05.12.2025,-54.03,ALLIANZ,Insurance,BEITRAG Allianz SE K-49721956
132,18.11.2025,-27.35,ZEUS BODYPOWER,Fitness,MITGLIEDSBEITRAG ZEUS BODYPOWER
132,19.11.2025,-14.07,BURGER KING,Food,BURGER KING Holzminden
132,22.11.2025,-85.96,Unknown,Other,KARTENZ./22.11 REWE RO
132,23.11.2025,-39.59,VODAFONE,Telecommunications,RECHNUNG VODAFONE GMBH 79118855
133,22.02.2025,-221.17,Unknown,Other,EBAY MKTPLC EU LMIJLB
133,23.02.2025,-12.06,BURGER KING,Food,BURGER KING Erbisdort
133,24.02.2025,-34.91,BURGER KING,Food,BURGER KING Badoberan
133,27.02.2025,-85.85,STADTWERKE,Utilities,ABSCHLAG STROM Stadtwerke Rosenheim 3741785
133,02.03.2025,-40.42,Unknown,Other,MCDONALDS Wurzen
134,03.12.2025,-109.73,ALDI,Other,KARTENZ./03.12 ALDI SUED RO
134,06.12.2025,-12.67,Unknown,Other,MCDONALDS MeiBen
134,07.12.2025,-87.62,STADTWERKE,Utilities,ABSCHLAG STROM Stadtwerke Rosenheim 25188284
134,11.12.2025,-39.9,VODAFONE,Telecommunications,RECHNUNG VODAFONE GMBH 47117496
134,12.12.2025,-27.59,Unknown,Other,MCDONALDS StaBfurt
135,15.01.2025,-90.63,PAYPAL,Other,PAYPAL MAKEEH
135,16.01.2025,-26.37,Unknown,Other,KARTENZ./16.01 EDEKA RO
135,19.01.2025,-85.2,STADTWERKE,Utilities,ABSCHLAG STROM Stadtwerke Rosenheim 7747191
135,23.01.2025,-39.12,AMAZON,Shopping,AMAZON.DE MKTPLC EU TIZPSY
135,25.01.2025,-39.52,VODAFONE,Telecommunications,RECHNUNG VODAFONE GMBH 22265103
135,27.01.2025,-89.78,ZALANDO,Shopping,ZALANDO MKTPLC EU FQEHNO
136,15.09.2025,-57.61,ALLIANZ,Insurance,BEITRAG Allianz SE K-10647864
136,17.09.2025,-27.47,ZEUS BODYPOWER,Fitness,MITGLIEDSBEITRAG ZEUS BODYPOWER
136,21.09.2025,-141.47,Unknown,Other,KARTENZ./21.09 REWE RO
136,24.09.2025,-83.97,STADTWERKE,Utilities,ABSCHLAG STROM Stadtwerke Rosenheim 73448328
137,22.06.2025,-63.45,PAYPAL,Other,PAYPAL LOCSOA
137,23.06.2025,-107.46,Unknown,Other,KARTENZ./23.06 EDEKA RO
137,27.06.2025,-83.06,STADTWERKE,Utilities,ABSCHLAG STROM Stadtwerke Rosenheim 56684223
137,28.06.2025,-26.72,ZEUS BODYPOWER,Fitness,MITGLIEDSBEITRAG ZEUS BODYPOWER
137,01.07.2025,-65.8,SHELL,Fuel,KARTENZAHLUNG SHELL TANKSTELLE
138,30.04.2025,-68.99,PAYPAL,Other,PAYPAL FNXTEG
138,03.05.2025,-32.1,BURGER KING,Food,BURGER KING Grimma
138,07.05.2025,-38.42,VODAFONE,Telecommunications,RECHNUNG VODAFONE GMBH 21224135
139,03.12.2025,-52.81,ALLIANZ,Insurance,BEITRAG Allianz SE K-75704880
139,09.12.2025,-35.45,Unknown,Other,MCDONALDS Bad Mergentheim
140,16.05.2025,-53.82,ALLIANZ,Insurance,BEITRAG Allianz SE K-94065665
140,19.05.2025,-109.46,AMAZON,Shopping,AMAZON.DE MKTPLC EU LAASWX
140,20.05.2025,-9.77,BURGER KING,Food,BURGER KING Euskirchen
141,22.03.2025,-36.51,BURGER KING,Food,BURGER KING Ochsenfurt
141,26.03.2025,-24.81,ZEUS BODYPOWER,Fitness,MITGLIEDSBEITRAG ZEUS BODYPOWER
141,02.04.2025,-50.88,Unknown,Fuel,KARTENZAHLUNG ARAL TANKSTELLE
141,06.04.2025,-103.33,ZALANDO,Shopping,ZALANDO MKTPLC EU MNILCQ
142,28.10.2025,-83.21,STADTWERKE,Utilities,ABSCHLAG STROM Stadtwerke Rosenheim 90042871
142,31.10.2025,-69.66,ZALANDO,Shopping,ZALANDO MKTPLC EU NATKMC
142,03.11.2025,-53.12,ALLIANZ,Insurance,BEITRAG Allianz SE K-65760657
143,31.07.2025,-42.19,VODAFONE,Telecommunications,RECHNUNG VODAFONE GMBH 10846163
143,04.08.2025,-24.9,ZEUS BODYPOWER,Fitness,MITGLIEDSBEITRAG ZEUS BODYPOWER
143,05.08.2025,-38.48,Unknown,Other,MCDONALDS Havelberg
143,08.08.2025,-78.2,Unknown,Other,KARTENZ./08.08 LIDL RO
143,11.08.2025,-53.19,ALLIANZ,Insurance,BEITRAG Allianz SE K-30329188
143,12.08.2025,-86.06,STADTWERKE,Utilities,"ABSCHLAG STROM Stadtwerke Rosenheim 84808125,"
144,05.07.2025,-53.02,ALLIANZ,Insurance,BEITRAG Allianz SE K-29270532
144,07.07.2025,-91.27,Unknown,Other,KARTENZ./07.07 EDEKA RO
144,10.07.2025,-87.97,STADTWERKE,Utilities,ABSCHLAG STROM Stadtwerke Rosenheim 24672810
144,16.07.2025,-26.83,ZEUS BODYPOWER,Fitness,MITGLIEDSBEITRAG ZEUS BODYPOWER
145,30.04.2025,-74.19,Unknown,Fuel,KARTENZAHLUNG ARAL TANKSTELLE
145,03.05.2025,-54.62,ALLIANZ,Insurance,BEITRAG Allianz SE K-67736554
145,05.05.2025,-23.43,ALDI,Other,KARTENZ./05.05 ALDI SUED RO
145,09.05.2025,-87.13,STADTWERKE,Utilities,ABSCHLAG STROM Stadtwerke Rosenheim 52825638
145,11.05.2025,-40.75,VODAFONE,Telecommunications,RECHNUNG VODAFONE GMBH 13629258
145,15.05.2025,-18.72,PAYPAL,Other,PAYPAL WJDOGH
146,27.06.2025,-84.77,STADTWERKE,Utilities,ABSCHLAG STROM Stadtwerke Rosenheim 59550334
146,01.07.2025,-56.23,ALLIANZ,Insurance,BEITRAG Allianz SE K-82651511
146,04.07.2025,-25.08,ZEUS BODYPOWER,Fitness,MITGLIEDSBEITRAG ZEUS BODYPOWER
146,07.07.2025,-68.31,JET,Fuel,KARTENZAHLUNG JET TANKSTELLE
146,10.07.2025,-40.26,VODAFONE,Telecommunications,RECHNUNG VODAFONE GMBH 3642311
147,12.02.2025,-177.58,ZALANDO,Shopping,ZALANDO MKTPLC EU VIVOHZ
147,13.02.2025,-121.15,ALDI,Other,KARTENZ./13.02 ALDI SUED RO
147,14.02.2025,-86.76,STADTWERKE,Utilities,ABSCHLAG STROM Stadtwerke Rosenheim 87177586
148,04.01.2025,-39.66,VODAFONE,Telecommunications,RECHNUNG VODAFONE GMBH 41779642
148,08.01.2025,-38.07,PAYPAL,Other,PAYPAL NQRYYA
148,12.01.2025,-54.85,ALLIANZ,Insurance,BEITRAG Allianz SE K-62548758
148,14.01.2025,-87.76,STADTWERKE,Utilities,ABSCHLAG STROM Stadtwerke Rosenheim 8424736
149,02.08.2025,-52.77,ALLIANZ,Insurance,BEITRAG Allianz SE K-48753114
149,06.08.2025,-42.12,VODAFONE,Telecommunications,RECHNUNG VODAFONE GMBH 23288415
149,10.08.2025,-23.83,ZEUS BODYPOWER,Fitness,MITGLIEDSBEITRAG ZEUS BODYPOWER
150,10.03.2025,-24.11,ZEUS BODYPOWER,Fitness,MITGLIEDSBEITRAG ZEUS BODYPOWER
150,11.03.2025,-51.5,ZALANDO,Shopping,ZALANDO MKTPLC EU EBSIZF
150,15.03.2025,-31.51,BURGER KING,Food,BURGER KING Melle
150,18.03.2025,-83.7,STADTWERKE,Utilities,ABSCHLAG STROM Stadtwerke Rosenheim 33466990
150,22.03.2025,-82.25,Unknown,Other,KARTENZ./22.03 EDEKA RO
151,26.11.2025,-25.9,ZEUS BODYPOWER,Fitness,MITGLIEDSBEITRAG ZEUS BODYPOWER
151,27.11.2025,-43.38,BURGER KING,Food,BURGER KING Schleiz
151,30.11.2025,-56.91,ALLIANZ,Insurance,BEITRAG Allianz SE K-56592356
152,03.06.2025,-34.96,Unknown,Other,MCDONALDS Kotzting
152,05.06.2025,-86.58,STADTWERKE,Utilities,ABSCHLAG STROM Stadtwerke Rosenheim 86926407
152,09.06.2025,-13.19,BURGER KING,Food,BURGER KING Angermunde
153,01.04.2025,-40.72,VODAFONE,Telecommunications,RECHNUNG VODAFONE GMBH 199240
153,04.04.2025,-55.89,ALLIANZ,Insurance,BEITRAG Allianz SE K-72544614
153,07.04.2025,-13.71,ZALANDO,Shopping,ZALANDO MKTPLC EU TQASIB
153,08.04.2025,-83.65,STADTWERKE,Utilities,ABSCHLAG STROM Stadtwerke Rosenheim 63599380
153,11.04.2025,-55.08,JET,Fuel,KARTENZAHLUNG JET TANKSTELLE
154,30.03.2025,-84.09,STADTWERKE,Utilities,ABSCHLAG STROM Stadtwerke Rosenheim 89053253
154,02.04.2025,-28.26,Unknown,Other,MCDONALDS Bad Brickenau
154,04.04.2025,-53.75,ALLIANZ,Insurance,BEITRAG Allianz SE K-45614996
155,03.06.2025,-38.86,ALDI,Other,KARTENZ./03.06 ALDI SUED RO
155,10.06.2025,-23.96,ZEUS BODYPOWER,Fitness,MITGLIEDSBEITRAG ZEUS BODYPOWER
155,14.06.2025,-69.73,JET,Fuel,KARTENZAHLUNG JET TANKSTELLE
155,17.06.2025,-38.08,VODAFONE,Telecommunications,RECHNUNG VODAFONE GMBH 26570346
156,30.01.2025,-147.1,ALDI,Other,KARTENZ./30.01 ALDI SUED RO
156,01.02.2025,-38.55,VODAFONE,Telecommunications,RECHNUNG VODAFONE GMBH 5622546
157,12.11.2025,-20.69,PAYPAL,Other,PAYPAL PYEANC.
157,16.11.2025,-42.26,VODAFONE,Telecommunications,RECHNUNG VODAFONE GMBH 15505850
157,18.11.2025,-25.1,BURGER KING,Food,BURGER KING Pasewalk
157,19.11.2025,-145.51,Unknown,Other,KARTENZ./19.11 EDEKARO
157,20.11.2025,-79.64,PAYPAL,Other,PAYPAL UIDNEA
157,22.11.2025,-36.04,BURGER KING,Food,BURGER KING Duren
158,05.05.2025,-85.66,STADTWERKE,Utilities,ABSCHLAG STROM Stadtwerke Rosenheim 80270104
158,07.05.2025,-40.19,VODAFONE,Telecommunications,RECHNUNG VODAFONE GMBH 84442373
158,10.05.2025,-90.76,Unknown,Other,KARTENZ./10.05 LIDL RO
158,14.05.2025,-72.05,ZALANDO,Shopping,ZALANDO MKTPLC EU LKDXGR
158,18.05.2025,-53.55,ALLIANZ,Insurance,BEITRAG Allianz SE K-32888067
159,23.02.2025,-84.66,STADTWERKE,Utilities,ABSCHLAG STROM Stadtwerke Rosenheim 91134156
159,03.03.2025,-41.09,VODAFONE,Telecommunications,RECHNUNG VODAFONE GMBH 34969142
159,05.03.2025,-55.28,ALLIANZ,Insurance,BEITRAG Allianz SE K-62629709
160,03.05.2025,-22.91,ZEUS BODYPOWER,Fitness,MITGLIEDSBEITRAG ZEUS BODYPOWER
160,04.05.2025,-70.39,PAYPAL,Other,PAYPAL UJMCJK
160,05.05.2025,-9.47,Unknown,Other,MCDONALDS Coburg
160,08.05.2025,-184.63,AMAZON,Shopping,AMAZON.DE MKTPLC EU ABGNBX
160,09.05.2025,-43.68,Unknown,Other,MCDONALDS Kyritz
160,11.05.2025,-51.37,Unknown,Fuel,KARTENZAHLUNG ARAL TANKSTELLE
161,25.03.2025,-8.53,PAYPAL,Other,PAYPAL CIEUDS
161,26.03.2025,-56.0,ALLIANZ,Insurance,BEITRAG Allianz SE K-74385165
161,27.03.2025,-61.21,ZALANDO,Shopping,ZALANDO MKTPLC EU TUVSBM
161,01.04.2025,-212.96,AMAZON,Shopping,AMAZON.DE MKTPLC EU HZIBYJ
161,05.04.2025,-38.72,VODAFONE,Telecommunications,RECHNUNG VODAFONE GMBH 11563791
162,08.11.2025,-9.13,BURGER KING,Food,BURGER KING Tecklenburg
162,11.11.2025,-123.31,Unknown,Other,KARTENZ./11.11 REWE RO
162,12.11.2025,-65.66,JET,Fuel,KARTENZAHLUNG JET TANKSTELLE
162,13.11.2025,-30.07,PAYPAL,Other,PAYPAL FFDFCH
162,14.11.2025,-87.88,STADTWERKE,Utilities,ABSCHLAG STROM Stadtwerke Rosenheim 74593052
163,01.12.2025,-40.95,PAYPAL,Other,PAYPAL LRQEKI
163,05.12.2025,-25.63,ZEUS BODYPOWER,Fitness,MITGLIEDSBEITRAG ZEUS BODYPOWER
163,07.12.2025,-172.22,Unknown,Other,EBAY MKTPLC EU ZAXETI
163,11.12.2025,-56.91,ALLIANZ,Insurance,BEITRAG Allianz SE K- 7496000
163,14.12.2025,-99.63,ZALANDO,Shopping,ZALANDO MKTPLC EU ROPEXQ
163,15.12.2025,-41.46,VODAFONE,Telecommunications,RECHNUNG VODAFONE GMBH 58134633
164,20.01.2025,-96.0,AMAZON,Shopping,AMAZON.DE MKTPLC EU VMCVKV
164,22.01.2025,-127.35,Unknown,Other,KARTENZ./22.01 EDEKARO
164,23.01.2025,-23.41,ZEUS BODYPOWER,Fitness,MITGLIEDSBEITRAG ZEUS BODYPOWER
164,26.01.2025,-85.0,STADTWERKE,Utilities,ABSCHLAG STROM Stadtwerke Rosenheim 26051902
164,28.01.2025,-54.92,ALLIANZ,Insurance,BEITRAG Allianz SE K-9114210
165,01.02.2025,-85.15,STADTWERKE,Utilities,ABSCHLAG STROM Stadtwerke Rosenheim 94833819
165,03.02.2025,-56.77,ALLIANZ,Insurance,BEITRAG Allianz SE K-23692689
165,06.02.2025,-7.35,PAYPAL,Other,PAYPAL QNGQUS
165,10.02.2025,-86.5,SHELL,Fuel,KARTENZAHLUNG SHELL TANKSTELLE
165,12.02.2025,-23.4,Unknown,Other,MCDONALDS Regen
166,11.08.2025,-126.3,Unknown,Other,KARTENZ./11.08 EDEKARO
166,19.08.2025,-41.52,Unknown,Other,KARTENZ./19.08 REWE RO
167,06.10.2025,-39.79,VODAFONE,Telecommunications,RECHNUNG VODAFONE GMBH 44748161
167,08.10.2025,-26.11,ZEUS BODYPOWER,Fitness,MITGLIEDSBEITRAG ZEUS BODYPOWER
168,16.12.2025,-24.73,Unknown,Other,MCDONALDS Apolda
168,17.12.2025,-56.11,ALLIANZ,Insurance,BEITRAG Allianz SE K-42810106
168,20.12.2025,-40.4,VODAFONE,Telecommunications,RECHNUNG VODAFONE GMBH 54884922
169,29.01.2025,-29.99,Unknown,Other,MCDONALDS Havelberg
169,31.01.2025,-43.4,Unknown,Other,KARTENZ./31.01 EDEKA RO
169,04.02.2025,-84.66,STADTWERKE,Utilities,ABSCHLAG STROM Stadtwerke Rosenheim 75317450
169,07.02.2025,-23.37,ZEUS BODYPOWER,Fitness,MITGLIEDSBEITRAG ZEUS BODYPOWER
169,09.02.2025,-43.7,Unknown,Other,MCDONALDS Bad Freienwalde
170,20.03.2025,-54.9,ALLIANZ,Insurance,BEITRAG Allianz SE K-62662030
170,23.03.2025,-38.58,BURGER KING,Food,BURGER KING Belzig
170,26.03.2025,-35.96,BURGER KING,Food,BURGER KING Goppingen
170,30.03.2025,-83.81,JET,Fuel,KARTENZAHLUNG JET TANKSTELLE
170,01.04.2025,-23.28,Unknown,Other,MCDONALDS Husum
171,10.04.2025,-68.98,Unknown,Other,KARTENZ./10.04 LIDL RO
171,13.04.2025,-53.73,ALLIANZ,Insurance,BEITRAG Allianz SE K-91730947
171,14.04.2025,-205.85,Unknown,Other,EBAY MKTPLC EU ILHOME
171,17.04.2025,-74.76,PAYPAL,Other,PAYPALWLOEGV
171,21.04.2025,-15.07,Unknown,Other,MCDONALDS Hagenow
172,18.09.2025,-131.97,AMAZON,Shopping,AMAZON.DE MKTPLC EU ADPZYG
172,24.09.2025,-22.9,BURGER KING,Food,BURGER KING Warendort
173,06.03.2025,-83.59,PAYPAL,Other,PAYPAL HTJECB
173,09.03.2025,-86.03,STADTWERKE,Utilities,ABSCHLAG STROM Stadtwerke Rosenheim 76476613
173,12.03.2025,-12.5,Unknown,Other,MCDONALDS Floha
173,15.03.2025,-26.08,ZEUS BODYPOWER,Fitness,MITGLIEDSBEITRAG ZEUS BODYPOWER
173,19.03.2025,-79.77,JET,Fuel,KARTENZAHLUNG JET TANKSTELLE
174,02.08.2025,-43.97,Unknown,Other,MCDONALDS Schmolln
174,03.08.2025,-27.05,ZEUS BODYPOWER,Fitness,MITGLIEDSBEITRAG ZEUS BODYPOWER
174,05.08.2025,-40.66,VODAFONE,Telecommunications,RECHNUNG VODAFONE GMBH 24870714
174,09.08.2025,-85.1,STADTWERKE,Utilities,ABSCHLAG STROM Stadtwerke Rosenheim 19518428
174,12.08.2025,-55.37,ALLIANZ,Insurance,BEITRAG Allianz SE K-85787650
175,37.79.2025,-85.78,STADTWERKE,Utilities,19.02. ABSCHLAG STROM Stadtwerke Rosenheim 90245809
175,20.02.2025,-41.29,Unknown,Other,KARTENZ./20.02 EDEKARO
175,22.02.2025,-92.09,PAYPAL,Other,PAYPAL TFPVUE
176,05.09.2025,-12.48,PAYPAL,Other,PAYPAL DRHYCG
176,08.09.2025,-86.21,Unknown,Fuel,KARTENZAHLUNG ARAL TANKSTELLE
176,11.09.2025,-55.39,ALLIANZ,Insurance,"BEITRAG Allianz SE K-20097805,"
176,12.09.2025,-48.72,Unknown,Other,KARTENZ./12.09 REWE RO
176,15.09.2025,-40.78,BURGER KING,Food,BURGER KING Hohenstein-Ernstthal
176,16.09.2025,-23.29,BURGER KING,Food,BURGER KING Mettmann
177,16.11.2025,-23.34,Unknown,Other,MCDONALDS Norden
177,19.11.2025,-57.05,JET,Fuel,KARTENZAHLUNG JET TANKSTELLE
178,19.02.2025,-171.09,ZALANDO,Shopping,ZALANDO MKTPLC EU XLHZKP
178,20.02.2025,-41.01,BURGER KING,Food,BURGER KING Demmin
178,21.02.2025,-136.01,Unknown,Other,EBAY MKTPLC EU YEJBEL
178,22.02.2025,-74.2,Unknown,Fuel,KARTENZAHLUNG ARAL TANKSTELLE
178,24.02.2025,-26.95,ZEUS BODYPOWER,Fitness,MITGLIEDSBEITRAG ZEUS BODYPOWER
179,14.07.2025,-86.02,STADTWERKE,Utilities,ABSCHLAG STROM Stadtwerke Rosenheim 7919557
179,15.07.2025,-102.31,AMAZON,Shopping,AMAZON.DE MKTPLC EU JZ/ZQP
179,18.07.2025,-56.9,ALLIANZ,Insurance,BEITRAG Allianz SE K-44691358
180,26.12.2025,-25.35,ZEUS BODYPOWER,Fitness,MITGLIEDSBEITRAG ZEUS BODYPOWER
180,29.12.2025,-39.78,VODAFONE,Telecommunications,RECHNUNG VODAFONE GMBH 88351663
181,31.08.2025,-20.6,BURGER KING,Food,BURGER KING Neuruppin
181,04.09.2025,-61.05,Unknown,Other,EBAY MKTPLC EU TFZMOX
181,08.09.2025,-52.81,ALLIANZ,Insurance,BEITRAG Allianz SE K-92873476
181,10.09.2025,-34.9,PAYPAL,Other,PAYPAL IKTPTQ
182,09.04.2025,-56.45,ALLIANZ,Insurance,BEITRAG Allianz SE K-41049596
182,12.04.2025,-45.65,PAYPAL,Other,PAYPAL UBEASC
182,15.04.2025,-95.4,PAYPAL,Other,PAYPAL UVKDIB
182,18.04.2025,-83.11,STADTWERKE,Utilities,ABSCHLAG STROM Stadtwerke Rosenheim 24421174
182,20.04.2025,-86.28,JET,Fuel,KARTENZAHLUNG JET TANKSTELLE
183,21.10.2025,-38.16,PAYPAL,Other,PAYPAL PBAUCI
183,22.10.2025,-88.1,Unknown,Other,KARTENZ./22.10 LIDL RO
183,24.10.2025,-21.73,BURGER KING,Food,BURGER KING Plauen
183,28.10.2025,-40.71,SHELL,Fuel,KARTENZAHLUNG SHELL TANKSTELLE
184,29.05.2025,-15.98,PAYPAL,Other,PAYPAL ULYUJC
184,30.05.2025,-30.61,Unknown,Other,MCDONALDS Osterburg
184,02.06.2025,-55.05,ALLIANZ,Insurance,BEITRAG Allianz SE K-44408072
184,04.06.2025,-65.3,SHELL,Fuel,KARTENZAHLUNG SHELL TANKSTELLE
185,08.07.2025,-64.97,PAYPAL,Other,PAYPAL FOCDUQ
185,12.07.2025,-11.95,AMAZON,Shopping,AMAZON.DE MKTPLC EU VFFOMK
185,16.07.2025,-61.31,Unknown,Other,KARTENZ./16.07 LIDL RO
185,19.07.2025,-22.9,ZEUS BODYPOWER,Fitness,MITGLIEDSBEITRAG ZEUS BODYPOWER
185,22.07.2025,-118.32,ZALANDO,Shopping,ZALANDO MKTPLC EU LOXEVA
185,23.07.2025,-52.99,PAYPAL,Other,PAYPAL KFUSZU
186,17.11.2025,-38.03,Unknown,Other,KARTENZ./17.11 EDEKA RO
186,23.11.2025,-84.93,STADTWERKE,Utilities,ABSCHLAG STROM Stadtwerke Rosenheim 30898028
186,27.11.2025,-54.83,SHELL,Fuel,KARTENZAHLUNG SHELL TANKSTELLE
187,08.08.2025,-56.5,ALLIANZ,Insurance,BEITRAG Allianz SE K-29850426
187,10.08.2025,-84.16,STADTWERKE,Utilities,ABSCHLAG STROM Stadtwerke Rosenheim 56117122
187,11.08.2025,-10.83,Unknown,Other,MCDONALDS Neuss
188,24.11.2025,-27.08,ZEUS BODYPOWER,Fitness,MITGLIEDSBEITRAG ZEUS BODYPOWER
188,27.11.2025,-28.48,PAYPAL,Other,PAYPAL IKIQBZ
188,30.11.2025,-109.71,ALDI,Other,KARTENZ./30.11 ALDI SUED RO
188,03.12.2025,-70.47,Unknown,Other,KARTENZ./03.12 REWE RO
189,37.59.2025,-17.1,ZALANDO,Shopping,16.11. ZALANDO MKTPLC EU FVZIQR
189,16.11.2025,-36.34,Unknown,Other,MCDONALDS Amberg
190,19.10.2025,-88.37,JET,Fuel,KARTENZAHLUNG JET TANKSTELLE
190,22.10.2025,-38.59,VODAFONE,Telecommunications,RECHNUNG VODAFONE GMBH 71628805
190,26.10.2025,-56.41,ALLIANZ,Insurance,BEITRAG Allianz SE K-41892924
190,27.10.2025,-27.37,ZEUS BODYPOWER,Fitness,MITGLIEDSBEITRAG ZEUS BODYPOWER
191,03.05.2025,-83.5,Unknown,Other,KARTENZ./03.05 REWE RO
191,06.05.2025,-24.98,ZEUS BODYPOWER,Fitness,MITGLIEDSBEITRAG ZEUS BODYPOWER
191,08.05.2025,-41.73,VODAFONE,Telecommunications,RECHNUNG VODAFONE GMBH 17919456
192,18.06.2025,-22.86,ZEUS BODYPOWER,Fitness,MITGLIEDSBEITRAG ZEUS BODYPOWER
192,21.06.2025,-84.76,AMAZON,Shopping,AMAZON.DE MKTPLC EU DBYDKX
193,18.11.2025,-65.16,PAYPAL,Other,PAYPAL MEUWEF
193,19.11.2025,-33.89,BURGER KING,Food,BURGER KING Sonneberg
194,09.11.2025,-28.31,BURGER KING,Food,BURGER KING Mayen
194,11.11.2025,-26.46,ZEUS BODYPOWER,Fitness,MITGLIEDSBEITRAG ZEUS BODYPOWER
194,12.11.2025,-36.25,AMAZON,Shopping,AMAZON.DE MKTPLC EU PIDLQP
194,14.11.2025,-130.26,AMAZON,Shopping,AMAZON.DE MKTPLC EU QQTZWP
194,18.11.2025,-155.98,AMAZON,Shopping,AMAZON.DE MKTPLC EU VOXFOF
194,21.11.2025,-145.09,ZALANDO,Shopping,ZALANDO MKTPLC EU UTYXHX
195,18.02.2025,-298.47,ZALANDO,Shopping,ZALANDO MKTPLC EU LVIFEK
195,19.02.2025,-83.69,STADTWERKE,Utilities,ABSCHLAG STROM Stadtwerke Rosenheim 30652943
195,23.02.2025,-53.88,ALLIANZ,Insurance,BEITRAG Allianz SE K-70115515
195,25.02.2025,-27.49,ZEUS BODYPOWER,Fitness,MITGLIEDSBEITRAG ZEUS BODYPOWER
196,06.07.2025,-23.61,ZEUS BODYPOWER,Fitness,MITGLIEDSBEITRAG ZEUS BODYPOWER
196,10.07.2025,-42.47,VODAFONE,Telecommunications,RECHNUNG VODAFONE GMBH 75701511
196,11.07.2025,-84.28,STADTWERKE,Utilities,ABSCHLAG STROM Stadtwerke Rosenheim 3363799
196,14.07.2025,-94.58,PAYPAL,Other,PAYPAL PJVYFM
197,27.10.2025,-215.45,AMAZON,Shopping,AMAZON.DE MKTPLC EU LGIYIQ
197,29.10.2025,-38.35,VODAFONE,Telecommunications,RECHNUNG VODAFONE GMBH 38890264
197,01.11.2025,-39.76,Unknown,Other,MCDONALDS Bergzabern
198,22.09.2025,-55.08,ALLIANZ,Insurance,BEITRAG Allianz SE K-57769695
198,23.09.2025,-75.89,Unknown,Other,EBAY MKTPLC EU QQSUDA
198,25.09.2025,-38.01,VODAFONE,Telecommunications,RECHNUNG VODAFONE GMBH 80079057
199,10.01.2025,-55.19,ALLIANZ,Insurance,BEITRAG Allianz SE K-65655787
199,12.01.2025,-61.32,Unknown,Fuel,KARTENZAHLUNG ARAL TANKSTELLE
199,16.01.2025,-18.35,Unknown,Other,EBAY MKTPLC EU IGQDGV
199,19.01.2025,-84.87,STADTWERKE,Utilities,ABSCHLAG STROM Stadtwerke Rosenheim 68082532
199,22.01.2025,-179.32,AMAZON,Shopping,AMAZON.DE MKTPLC EU FBUKYH
200,18.09.2025,-85.08,JET,Fuel,KARTENZAHLUNG JET TANKSTELLE
200,20.09.2025,-49.19,JET,Fuel,KARTENZAHLUNG JET TANKSTELLE
200,25.09.2025,-45.83,Unknown,Fuel,KARTENZAHLUNG ARAL TANKSTELLE
200,27.09.2025,-27.15,ZEUS BODYPOWER,Fitness,MITGLIEDSBEITRAG ZEUS BODYPOWER
